date,title,company,location,salary_text,salary_min_aed,salary_max_aed,years_asked,score,skills_matched,source,link
2026-09-23,Data Engineer: Power BI,Yaumi International Bakeries,,,,,,22,power bi|sql|python|etl|dashboard|data pipeline|pipeline,Trabajo.org,https://ae.trabajo.org/job-3339-4a6860eb960195cbf9d16989320e69f0
2026-09-23,"Entry-Level Data Analyst | Excel, SQL",Smart Manpower,AE,,,,,15,power bi|sql|tableau|excel|dashboard,Trabajo.org,https://ae.trabajo.org/job-5437-0f77c2b27baf70d199f3fb32c2594f3c
2026-09-23,"Entry-Level Data Analyst | Excel, SQL",Smart Manpower,AE,,,,,15,power bi|sql|tableau|excel|dashboard,Trabajo.org,https://ae.trabajo.org/job-5437-0f77c2b27baf70d199f3fb32c2594f3c
2026-09-23,Power BI & Automation Specialist - Remote (UAE),micro1,,,,,4,13,power bi|sql|dax|dashboard,Jobrapido.com,https://ae.jobrapido.com/jobpreview/4690336075879546880
2026-09-23,Cards MIS Specialist,PayTech Group,AE,,,,,13,power bi|sql|python|dashboard|reporting|spark,LinkedIn,https://ae.linkedin.com/jobs/view/cards-mis-specialist-at-paytech-group-4469002698
2026-09-23,Middle Power BI Analyst,Ajax Systems,,,,,,11,power bi,Trabajo.org,https://ae.trabajo.org/job-3988-b28646fc6bd8431dffffc425d85955da
2026-09-23,Middle Power BI Analyst,Ajax Systems,,,,,,11,power bi,Trabajo.org,https://ae.trabajo.org/job-3988-b28646fc6bd8431dffffc425d85955da
2026-09-23,Data Analyst in Dubai | Flexible Hours + Health Benefits,Flyper,AE,,,,,9,sql|statistic,Trabajo.org,https://ae.trabajo.org/job-5439-52be0cdf5b1b6f8fc74f133ec12729e0
2026-09-23,Data Analyst | Data Engineering,Careers at UAE,AE,,,,,9,,Trabajo.org,https://ae.trabajo.org/job-3339-8a3bc77d0191da5d467e21c0a7b3d618
2026-09-23,Power BI Expert Vacancy,Wearekairos,AE,,,,,9,power bi|dashboard|kpi,Jooble,https://ae.jooble.org/jdp/-4025832393722697508
2026-09-23,Data Analyst | Data Engineering,Careers at UAE,AE,,,,,9,,Trabajo.org,https://ae.trabajo.org/job-3339-8a3bc77d0191da5d467e21c0a7b3d618
2026-09-23,Junior Data Engineer: Build and Maintain GCP Pipelines,Remotedxb,,,,,,8,data pipeline|pipeline|airflow,JobLeads,https://www.jobleads.com/ae/job/junior-data-engineer-build-and-maintain-gcp-pipelines--dubai--ed20ed89ecc5e8d1d3361d69c4d51c222
2026-09-23,Financial Data Analyst,Visioneers,,,,,,7,dashboard|reporting,Jobs By Workable,https://apply.workable.com/visioneers/j/F07DB5AB94
2026-09-23,Data Platform Engineer — Build Scalable Pipelines,BlackStone eIT,AE,,,,3,7,sql|azure|data pipeline|pipeline,Trabajo.org,https://ae.trabajo.org/job-5439-0c0bdaee0a874e17f8891670e21bf8c5
2026-09-23,Demand Analytics Specialist: Data-Driven Growth Insights,AMS International UAE,,,,,,6,power bi|excel|reporting|pipeline,JobLeads,https://www.jobleads.com/ae/job/demand-analytics-specialist-data-driven-growth-insights--dubai--ec37b6ccfebf61d8863666577c36077e3
2026-09-23,Data Insights,DUBAI AUTO GALLERY LLC,AE,,,,,6,sql|excel|dashboard|kpi,Trabajo.org,https://ae.trabajo.org/job-3339-8f822875829da1ef5b8993defe42ef4b
2026-09-23,Data Analyst Finance,TALENTMATE,AE,,,,,5,,BeBee,https://bebee.com/ae/jobs/data-analyst-finance-talentmate-dubai-dubai--t7xk-848714777
2026-09-23,PowerBI-Driven Logistics Data Analyst: Revenue & Risk,Uae Job Alert,AE,,,,,5,,Jooble,https://ae.jooble.org/jdp/4481263480809199536
2026-09-23,Business Intelligence Engineer MENA CX Product,Amazon,,,,,,4,,Energy Jobline,https://www.energyjobline.com/job/business-intelligence-engineer-mena-cx-product-30580825
2026-09-23,"SAP MIS Analyst - Data, KPIs & Process Improvement",Uae Job Alert,AE,,,,2,4,excel|kpi,Jooble,https://ae.jooble.org/jdp/-9136762388238441391
2026-09-23,Digital Engineer – Construction - Apply,Black & Grey HR,,,,,,3,power bi,Jobs,https://ae.jobsora.com/job-53542880442
2026-09-23,HR Analyst - Reporting & Analytics,Uae Job Alert,AE,,,,,1,reporting,Jooble,https://ae.jooble.org/jdp/6024237061815043522
2026-09-23,Data-Driven Trade & Policy Strategy Analyst,"White Shield, Inc.",AE,,,,,1,excel,Jooble,https://ae.jooble.org/jdp/-2493521734013864541
2026-09-23,Data Privacy Analyst - Remote,YO IT Consulting,AE,,,,,0,,LinkedIn,https://ae.linkedin.com/jobs/view/data-privacy-analyst-remote-at-yo-it-consulting-4468787764
2026-09-23,"Data & AI Analyst | Dubai, UAE",Accenture,,,,,,0,,AI Search,https://ai-search.io/job-board/accenture-data-ai-analyst-dubai-uae-20250201
2026-09-24,"Entry-Level Data Analyst | Excel, SQL",Smart Manpower,,,,,,15,power bi|sql|tableau|excel|dashboard,Trabajo.org,https://ae.trabajo.org/job-3988-9e2c87b35c1827ac1eb8046b5b0c0e83
2026-09-24,Cards MIS Specialist,PayTech Group,AE,,,,,13,power bi|sql|python|dashboard|reporting|spark,LinkedIn,https://ae.linkedin.com/jobs/view/cards-mis-specialist-at-paytech-group-4469002698
2026-09-24,Middle Power BI Analyst,Ajax Systems,,,,,,11,power bi,Trabajo.org,https://ae.trabajo.org/job-3988-b28646fc6bd8431dffffc425d85955da
2026-09-24,Land Data Analyst,Remotedxb,AE,,,,,10,sql|statistic|pipeline,Jooble,https://ae.jooble.org/jdp/4003860375842354054
2026-09-24,Banking Data Scientist — Risk Modeling & Basel Solutions,Deeplight,AE,,,,,6,python|statistic,Jooble,https://ae.jooble.org/jdp/-1265945023801703107
2026-09-24,Business Intelligence Engineer MENA CX Product,Amazon,,,,,,4,,Energy Jobline,https://www.energyjobline.com/job/business-intelligence-engineer-mena-cx-product-30580825
2026-09-24,"SAP MIS Analyst - Data, KPIs & Process Improvement",Uae Job Alert,AE,,,,2,4,excel|kpi,Jooble,https://ae.jooble.org/jdp/-9136762388238441391
2026-09-24,MIS Executive – Retail/Store Operations,RNA Resources Group Limited,AE,,,,,4,reporting|kpi,Trabajo.org,https://ae.trabajo.org/job-5438-7f370d2029e33e33be58d721bba3bda0
2026-09-24,Strategic Data Scientist: Drive Decisions with AI,SAP,,,,,,3,,Trabajo.org,https://ae.trabajo.org/job-3988-b05dc7a33e03427e6b174b89ae310ddf
2026-09-24,"Growth Data Scientist, APAC Strategy - Hybrid Role",Creandum Advisor LLP,AE,,,,,3,,Jooble,https://ae.jooble.org/jdp/4557781744505960704
2026-09-24,CRM Analyst,The Talent Hunter,AE,,,,,2,dashboard|kpi,Trabajo.org,https://ae.trabajo.org/job-3339-0aa584bacb62b7784de92f3d9c826d49
2026-09-24,Logistics Performance Analyst,Delivery Hero,,,,,,2,reporting|kpi,Trabajo.org,https://ae.trabajo.org/job-3988-48419cbc7114bffa08b7c0ad97c6d427
2026-09-24,"Data & AI Analyst | Dubai, UAE",Accenture,,,,,,0,,AI Search,https://ai-search.io/job-board/accenture-data-ai-analyst-dubai-uae-20250201
2026-09-24,"Data & AI Analyst | Dubai, UAE",Accenture,,,,,,0,,AI Search,https://ai-search.io/job-board/accenture-data-ai-analyst-dubai-uae-20250201
2026-09-24,Data Science,AW Rostamani Holdings LLC,,,,,,0,,Trabajo.org,https://ae.trabajo.org/job-3339-85310c2c69838001b1d0bf7e2cb5b478
2026-09-24,AI-Driven Data,AlFuttaim,AE,,,,,0,,Trabajo.org,https://ae.trabajo.org/job-1923-fad3637e99e75a46df5b72a686e8be25
2026-09-25,"Entry-Level Data Analyst | Excel, SQL",Smart Manpower,,,,,,15,power bi|sql|tableau|excel|dashboard,Trabajo.org,https://ae.trabajo.org/job-3988-9e2c87b35c1827ac1eb8046b5b0c0e83
2026-09-25,"Data Analyst in Dubai | Insights, Visualization & SQL Expert",JobCenter,,,,,,14,power bi|sql|tableau|statistic,WhatJobs,https://en-ae.whatjobs.com/jobs/data-analyst-in-dubai/dubai-fujairah?id=93685542
2026-09-25,Dubai-based Healthcare Data Scientist - Clinical Analytics,AlFuttaim,,,,,,14,power bi|sql|python|tableau|dashboard,JobLeads,https://www.jobleads.com/ae/job/dubai-based-healthcare-data-scientist-clinical-analytics--dubai--ec32ed87e6b3a211a0ff1a30999777529
2026-09-25,Junior Data Analyst: Insight-Driven Dashboards,Examplecorpsandbox,AE,,,,,12,sql|dashboard|data pipeline|pipeline,Trabajo.org,https://ae.trabajo.org/job-3374-8958c86aa036da2ea8dbd391df735c1a
2026-09-25,Junior Data Analyst: Insight-Driven Dashboards,Examplecorpsandbox,AE,,,,,12,sql|dashboard|data pipeline|pipeline,Trabajo.org,https://ae.trabajo.org/job-3374-8958c86aa036da2ea8dbd391df735c1a
2026-09-25,Data Analyst: Supply Chain Insights & Automation,Amazon,,,,,,11,sql|python|dashboard,WhatJobs,https://en-ae.whatjobs.com/jobs/data-analyst-supply-chain-insights/dubai-fujairah?id=93680357
2026-09-25,Data Analyst Logistics Business Intelligence and Performance Reporting,AlFuttaim,,,,,,11,dashboard|reporting,Trabajo.org,https://ae.trabajo.org/job-3988-94ee8a01477672bbe6749c26e5f171e2
2026-09-25,SAP Data Analyst,Müller`s Solutions,,,,,,7,dashboard|reporting,GulfTalent,https://www.gulftalent.com/uae/jobs/sap-data-analyst-638740
2026-09-25,Dubai Data Analyst — Excel Pro,Work corp,AE,,,,2,6,excel,Trabajo.org,https://ae.trabajo.org/job-1397-8b0427c88b937bfc53375bd268002c4d
2026-09-25,Junior Data Scientist - Dubai Trading Analytics,Careers at UAE,AE,,,,,3,,Jooble,https://ae.jooble.org/jdp/-2709192184145489425
2026-09-25,Rewards Data Intelligence Analyst,Careers at UAE,AE,,,,,2,excel|reporting,Jooble,https://ae.jooble.org/jdp/-6896824195822130423
2026-09-25,Cost Analyst: Data-Driven Cost & Profit Optimizer,Emirates Flight Catering,AE,,,,,2,excel|reporting,BeBee,https://bebee.com/ae/jobs/cost-analyst-data-driven-cost-profit-optimizer-emirates-flight-catering-dubai--jobted-bf737f7f86eb0729e4bb0fd911f12fe8
2026-09-25,Rewards Data Intelligence Analyst,Careers at UAE,AE,,,,,2,excel|reporting,Jooble,https://ae.jooble.org/jdp/-6896824195822130423
2026-09-25,CRM Analyst,The Talent Hunter,AE,,,,,2,dashboard|kpi,Trabajo.org,https://ae.trabajo.org/job-3339-0aa584bacb62b7784de92f3d9c826d49
2026-09-28,Remote Financial Data Analyst: Forecasting & Dashboards,Quik Hire Staffing,,,,,,17,power bi|sql|python|tableau|excel|dashboard,JobLeads,https://www.jobleads.com/ae/job/remote-financial-data-analyst-forecasting-dashboards--dubai--e2d730270ef318f989c11c417859704ea
2026-09-28,Remote Financial Data Analyst: Forecasting & Dashboards,Quik Hire Staffing,,,,,,17,power bi|sql|python|tableau|excel|dashboard,JobLeads,https://www.jobleads.com/ae/job/remote-financial-data-analyst-forecasting-dashboards--dubai--e2d730270ef318f989c11c417859704ea
2026-09-28,"Entry-Level Data Analyst | Excel, SQL & BI Dashboards",Smart Manpower,AE,,,,,15,power bi|sql|tableau|excel|dashboard,Jooble,https://ae.jooble.org/jdp/4111253472666452507
2026-09-28,"Entry-Level Data Analyst | Excel, SQL & BI Dashboards",Smart Manpower,AE,,,,,15,power bi|sql|tableau|excel|dashboard,Jooble,https://ae.jooble.org/jdp/4111253472666452507
2026-09-28,"Entry-Level Data Analyst | Excel, SQL & BI Dashboards",Smart Manpower,AE,,,,,15,power bi|sql|tableau|excel|dashboard,Jooble,https://ae.jooble.org/jdp/4111253472666452507
2026-09-28,Power BI,Techwaresoft LLC,,,,,,15,power bi|sql|python|dashboard|reporting|kpi,Trabajo.org,https://ae.trabajo.org/job-3339-0b02a22e58d85386cec074445c0aad3b
2026-09-28,"Data Scientist, Marketing Analytics",Reprise,,,,,,10,sql|python|machine learning,Trabajo.org,https://ae.trabajo.org/job-3339-8550c9014e0c784b1cc50f439073f810
2026-09-28,Data Analyst | Data Engineering,Careers at UAE,AE,,,,,9,,Trabajo.org,https://ae.trabajo.org/job-3339-8a3bc77d0191da5d467e21c0a7b3d618
2026-09-28,Data Analyst | Data Engineering,Careers at UAE,AE,,,,,9,,Trabajo.org,https://ae.trabajo.org/job-3339-8a3bc77d0191da5d467e21c0a7b3d618
2026-09-28,Strategic BI & Tech Liaison,Aue,AE,,,,3,9,power bi|sql|excel|reporting|university,Jooble,https://ae.jooble.org/jdp/-8903998092675412337
2026-09-28,Power BI Expert Vacancy,Wearekairos,AE,,,,,9,power bi|dashboard|kpi,Jooble,https://ae.jooble.org/jdp/-4025832393722697508
2026-09-28,Data Engineer for Production AI Pipelines,talentbridgedubai,,,,,,9,etl|data pipeline|pipeline,Trabajo.org,https://ae.trabajo.org/job-3339-556164f9198ead4b70f9ff446a7e9398
2026-09-28,Dubai Onsite Data Engineer — Big Data Pipelines & Cloud,Akshaya IT Solutions,AE,,,,,9,data pipeline|pipeline|data warehouse,Jooble,https://ae.jooble.org/jdp/-5207476301030973346
2026-09-28,Data Analyst | Data Engineering,Careers at UAE,AE,,,,,9,,Trabajo.org,https://ae.trabajo.org/job-3339-8a3bc77d0191da5d467e21c0a7b3d618
2026-09-28,[Hiring] Reporting & Data Analyst Dubai UAE,confidential,AE,,,,,7,reporting|statistic,Jooble,https://ae.jooble.org/jdp/-3149469124140097883
2026-09-28,Billing Data Analyst - 3 Months Extendable Contract,TASC Outsourcing,AE,,,,,6,dashboard,LinkedIn,https://ae.linkedin.com/jobs/view/billing-data-analyst-3-months-extendable-contract-at-tasc-outsourcing-4471084990
2026-09-28,Billing Data Analyst - 3 Months Extendable Contract,TASC Outsourcing,AE,,,,,6,dashboard,LinkedIn,https://ae.linkedin.com/jobs/view/billing-data-analyst-3-months-extendable-contract-at-tasc-outsourcing-4471084990
2026-09-28,Entry-level Dubai Data Analyst — Insights,ConFlip,AE,,,,,5,,Trabajo.org,https://ae.trabajo.org/job-5439-7dd8bcca647d2d588d44d4fb1c03c18b
2026-09-28,Cloud Data Engineer—Analytics,Procter & Gamble,AE,,,,,4,,Trabajo.org,https://ae.trabajo.org/job-5440-01cb71e3892db140880e562969800e7b
2026-09-28,Data Engineer II,Careem,,,,,,4,,Edarabia,https://www.edarabia.com/data-engineer-ii-careem-dubai-uae/
2026-09-28,MIS Executive – Retail/Store Operations,RNA Resources Group Limited,,,,,,4,reporting|kpi,Trabajo.org,https://ae.trabajo.org/job-3988-a67af5e792ea5fe55ef97ae7f1d668f7
2026-09-28,Data Scientist: Buyer Behavior,Involved Solutions,,,,,,3,,Trabajo.org,https://ae.trabajo.org/job-1923-6dac35c0d26af6b66934aea5eccceb6b
2026-09-28,Data Scientist (Marketing),Mintlayer,,,,,,3,,Artificial.ae,https://artificial.ae/jobs/mintlayer-data-scientist-marketing/
2026-09-28,"Growth Data Scientist, APAC Strategy - Hybrid Role",Creandum Advisor LLP,AE,,,,,3,,Jooble,https://ae.jooble.org/jdp/4557781744505960704
2026-09-28,"Software Engineer, Data Platforms",RemoteJobsOne,AE,,,,,3,data pipeline|pipeline,Jooble,https://ae.jooble.org/jdp/1533560736812109541
2026-09-28,CRM Analyst,The Talent Hunter,AE,,,,,2,dashboard|kpi,Trabajo.org,https://ae.trabajo.org/job-3339-0aa584bacb62b7784de92f3d9c826d49
2026-09-28,Data-Driven Trade & Policy Strategy Analyst,"White Shield, Inc.",AE,,,,,1,excel,Jooble,https://ae.jooble.org/jdp/-2493521734013864541
2026-09-28,Data Science Specialist,RemoteJobsOne,AE,,,,,1,reporting,Jooble,https://ae.jooble.org/jdp/7325135397051796803
2026-09-28,Google Analytics Specialist,RemoteJobsOne,AE,,,,,0,,Jooble,https://ae.jooble.org/jdp/6576427892329803450
2026-09-28,"Data & AI Analyst | Dubai, UAE",Accenture,,,,,,0,,AI Search,https://ai-search.io/job-board/accenture-data-ai-analyst-dubai-uae-20250201
